[{"category":"1","sno":"1","name":"Idly (2 no.)","cost":"14"},{"category":"1","sno":"2","name":"Vada","cost":"10"},{"category":"1","sno":"3","name":"Akki roti","cost":"25"},{"category":"1","sno":"4","name":"Chow.Chow Bath","cost":"25"},{"category":"1","sno":"5","name":"Dahi vada","cost":"15"},{"category":"1","sno":"6","name":"Kesari Bath","cost":"15"},{"category":"1","sno":"7","name":"Kara Bath","cost":"15"},{"category":"1","sno":"8","name":"Pakoda/Bajji","cost":"12"},{"category":"1","sno":"9","name":"Pongal","cost":"18"},{"category":"1","sno":"10","name":"Poori Sagu","cost":"22"},{"category":"1","sno":"11","name":"Ragi roti","cost":"25"},{"category":"1","sno":"12","name":"Rava idli","cost":"25"},{"category":"1","sno":"13","name":"Shavige bath","cost":"18"},{"category":"1","sno":"14","name":"Single idly","cost":"7"},{"category":"1","sno":"15","name":"Single idly-vada","cost":"17"},{"category":"1","sno":"16","name":"Veg bond","cost":"12"},{"category":"1","sno":"17","name":"Masala dosa","cost":"22"},{"category":"1","sno":"18","name":"Onion dosa","cost":"25"},{"category":"1","sno":"19","name":"Paper dosa","cost":"25"},{"category":"1","sno":"20","name":"Paper masala dosa","cost":"25"},{"category":"1","sno":"21","name":"Plain dosa","cost":"18"},{"category":"1","sno":"22","name":"Set dosa","cost":"25"},{"category":"1","sno":"23","name":"Bisibele bath","cost":"20"},{"category":"1","sno":"24","name":"Chapati-curry","cost":"25"},{"category":"1","sno":"25","name":"Curd rice","cost":"15"},{"category":"1","sno":"26","name":"Ghee rice","cost":"20"},{"category":"1","sno":"27","name":"Lemon rice","cost":"15"},{"category":"1","sno":"28","name":"Plain rice","cost":"10"},{"category":"1","sno":"29","name":"Pulav","cost":"20"},{"category":"1","sno":"30","name":"Ppuliogere","cost":"15"},{"category":"1","sno":"31","name":"Rice bath","cost":"20"},{"category":"1","sno":"32","name":"Rice-rasam","cost":"20"},{"category":"1","sno":"33","name":"S.I. mini thali","cost":"26"},{"category":"1","sno":"34","name":"S.I.thali","cost":"35"},{"category":"1","sno":"35","name":"Tomato bath","cost":"20"},{"category":"1","sno":"36","name":"Vangi bath","cost":"20"},{"category":"1","sno":"37","name":"Badusha","cost":"10"},{"category":"1","sno":"38","name":"Carrot halwa","cost":"15"},{"category":"1","sno":"39","name":"Kashi halwa","cost":"15"},{"category":"1","sno":"40","name":"Jamoon","cost":"10"},{"category":"1","sno":"41","name":"Jilebi","cost":"10"},{"category":"1","sno":"42","name":"Laddu","cost":"10"},{"category":"1","sno":"43","name":"Mysore pak","cost":"10"},{"category":"2","sno":"2","name":"Pulka curry","cost":"30"},{"category":"2","sno":"3","name":"Jeera rice","cost":"40"},{"category":"2","sno":"4","name":"North Thali","cost":"40"},{"category":"2","sno":"5","name":"North Pulav","cost":"30"},{"category":"2","sno":"6","name":"Roti curry","cost":"30"},{"category":"2","sno":"7","name":"Badam Milk","cost":"16"},{"category":"2","sno":"8","name":"Boost","cost":"16"},{"category":"2","sno":"9","name":"Coffee","cost":"12"},{"category":"2","sno":"10","name":"Tea","cost":"12"},{"category":"2","sno":"11","name":"Mini Coffee","cost":"8"},{"category":"2","sno":"12","name":"Mini Tea","cost":"8"},{"category":"2","sno":"13","name":"Horlicks","cost":"16"},{"category":"2","sno":"14","name":"Milk","cost":"13"},{"category":"2","sno":"15","name":"Aloo Parata","cost":"20"},{"category":"","sno":"16","name":"","cost":""},{"category":"3","sno":"1","name":"Chinese combo","cost":"65"},{"category":"3","sno":"2","name":"Gobi manchuri","cost":"40"},{"category":"3","sno":"3","name":"Noodles","cost":"45"},{"category":"3","sno":"4","name":"Veg fried rice","cost":"45"},{"category":"3","sno":"5","name":"Soup","cost":"25"},{"category":"","sno":"6","name":"","cost":""},{"category":"","sno":"7","name":"","cost":""},{"category":"","sno":"8","name":"","cost":""},{"category":"4","sno":"1","name":"Bread-Butter-Jam","cost":"20"},{"category":"4","sno":"2","name":"Cheese Sandwich","cost":"35"},{"category":"4","sno":"3","name":"Grilled Masala Sandwich","cost":"30"},{"category":"4","sno":"4","name":"Grilled Sandwich","cost":"25"},{"category":"4","sno":"5","name":"Paneer Sandwich","cost":"35"},{"category":"4","sno":"6","name":"Plain Sandwich","cost":"20"},{"category":"4","sno":"7","name":"Aloo puri","cost":"20"},{"category":"4","sno":"8","name":"Bhel Puri","cost":"20"},{"category":"4","sno":"9","name":"Dahi Puri","cost":"20"},{"category":"4","sno":"10","name":"Kachori","cost":"10"},{"category":"4","sno":"11","name":"Masala puri","cost":"15"},{"category":"4","sno":"12","name":"Pani puri","cost":"15"},{"category":"4","sno":"13","name":"Papdi Chat","cost":"20"},{"category":"4","sno":"14","name":"Pav Bhaji","cost":"25"},{"category":"4","sno":"15","name":"Samosa","cost":"10"},{"category":"4","sno":"16","name":"Samosa Chat","cost":"20"},{"category":"4","sno":"17","name":"Sev Puri","cost":"15"},{"category":"4","sno":"18","name":"Single  Pav","cost":"10"},{"category":"4","sno":"19","name":"Paneer tika","cost":"50"},{"category":"4","sno":"20","name":"Apple tika","cost":"50"},{"category":"4","sno":"21","name":"Coco cola (200ml)","cost":"10"},{"category":"4","sno":"22","name":"Fanta (200ml)","cost":"10"},{"category":"4","sno":"23","name":"Sprite (200ml)","cost":"10"},{"category":"4","sno":"24","name":"Thums up(200ml)","cost":"10"},{"category":"4","sno":"25","name":"Limca (200ml)","cost":"10"},{"category":"4","sno":"26","name":"Maaza (200ml)","cost":"13"},{"category":"4","sno":"27","name":"Coco cola (400ml)","cost":"20"},{"category":"4","sno":"28","name":"Sprite (400ml)","cost":"20"},{"category":"4","sno":"29","name":"Fanta(400ml)","cost":"20"},{"category":"4","sno":"30","name":"Maaza (400ml)","cost":"25"},{"category":"4","sno":"31","name":"Thums up(400ml)","cost":"20"},{"category":"4","sno":"32","name":"Maaza tetra","cost":"12"},{"category":"5","sno":"1","name":"Fruit Salad","cost":"25"},{"category":"5","sno":"2","name":"Lemon Juice","cost":"12"},{"category":"5","sno":"3","name":"Milk Shake","cost":"25"},{"category":"5","sno":"4","name":"Moosambi Juice","cost":"20"},{"category":"5","sno":"5","name":"Muskmelon Juice","cost":"20"},{"category":"5","sno":"6","name":"Orange Juice","cost":"20"},{"category":"5","sno":"7","name":"Pineapple Juice","cost":"20"},{"category":"5","sno":"8","name":"Pulpy Grape","cost":"25"},{"category":"5","sno":"9","name":"Water 1 lit","cost":"20"},{"category":"5","sno":"10","name":"Water 500ml","cost":"10"},{"category":"5","sno":"11","name":"Chocobar","cost":"15"},{"category":"5","sno":"12","name":"Orange small cup","cost":"8"},{"category":"5","sno":"13","name":"Grape Candy","cost":"7"},{"category":"5","sno":"14","name":"Gudbud","cost":"25"},{"category":"5","sno":"15","name":"Junior. Butterscotch","cost":"20"},{"category":"5","sno":"16","name":"Butterscotch","cost":"30"},{"category":"5","sno":"17","name":"Junior.Cone Pista","cost":"20"},{"category":"5","sno":"18","name":"Junior. Cone Vanilla","cost":"15"},{"category":"5","sno":"19","name":"Arabian fantasy","cost":"35"},{"category":"5","sno":"20","name":"Real chocolate","cost":"30"},{"category":"5","sno":"21","name":"Kulfi Stick","cost":"20"},{"category":"5","sno":"22","name":"Kiwkee Sundae","cost":"30"},{"category":"5","sno":"23","name":"Large Cup Vanilla","cost":"10"},{"category":"5","sno":"24","name":"Nimboos candy","cost":"7"},{"category":"5","sno":"25","name":"Mango candy","cost":"7"},{"category":"5","sno":"26","name":"Mini chocobar","cost":"10"},{"category":"5","sno":"27","name":"Nutty bar","cost":"25"},{"category":"5","sno":"28","name":"Orange candy","cost":"5"},{"category":"5","sno":"29","name":"Small.cup strawberry","cost":"8"},{"category":"5","sno":"30","name":"Small.cup vinilla","cost":"5"},{"category":"5","sno":"31","name":"Swinger Sundae","cost":"30"},{"category":"5","sno":"32","name":"Tripple Bar","cost":"25"},{"category":"5","sno":"33","name":"Vanilla small cup","cost":"6"},{"category":"5","sno":"34","name":"Orange small cup","cost":"8"},{"category":"5","sno":"35","name":"Plain pista small cup","cost":"8"},{"category":"5","sno":"36","name":"Butterscotch small","cost":"10"},{"category":"5","sno":"37","name":"Pineapple large cup","cost":"12"},{"category":"5","sno":"38","name":"Vanilla large cup","cost":"10"},{"category":"5","sno":"39","name":"Orange large cup","cost":"12"},{"category":"5","sno":"40","name":"Buttersctoch large","cost":"12"},{"category":"5","sno":"41","name":"Chocolate cup","cost":"15"},{"category":"5","sno":"42","name":"Mango cup","cost":"15"},{"category":"5","sno":"43","name":"Tutty fruity","cost":"15"},{"category":"5","sno":"44","name":"Pistachio nut","cost":"20"},{"category":"5","sno":"45","name":"Choco mocha","cost":"30"},{"category":"5","sno":"46","name":"Mango duet","cost":"20"},{"category":"5","sno":"47","name":"Strawberry duet","cost":"20"},{"category":"5","sno":"48","name":"Kulfi Stick","cost":"20"},{"category":"5","sno":"49","name":"Junior fruit punch","cost":"30"},{"category":"5","sno":"50","name":"Black current","cost":"30"},{"category":"5","sno":"51","name":"Junior chocolate","cost":"30"},{"category":"5","sno":"52","name":"Junior mango","cost":"30"},{"category":"5","sno":"53","name":"Junior strawberry","cost":"30"},{"category":"5","sno":"54","name":"Ball vanilla","cost":"20"},{"category":"5","sno":"55","name":"Ball strawberry","cost":"20"},{"category":"5","sno":"56","name":"Ball mango","cost":"20"},{"category":"5","sno":"57","name":"Kwikie sundae","cost":"30"},{"category":"5","sno":"58","name":"Matka kulfi","cost":"35"},{"category":"5","sno":"59","name":"Cake roll","cost":"35"},{"category":"5","sno":"60","name":"Premium casatta","cost":"40"},{"category":"5","sno":"61","name":"Mango cone","cost":"25"},{"category":"5","sno":"62","name":"Strawberry cone","cost":"25"},{"category":"5","sno":"63","name":"Butterscotch cone","cost":"30"},{"category":"5","sno":"64","name":"Black current cone","cost":"30"},{"category":"5","sno":"65","name":"Rum jamaica","cost":"30"},{"category":"5","sno":"66","name":"Belgian chocolate","cost":"35"},{"category":"5","sno":"67","name":"Junior vanilla","cost":"15"}]